movieid,title,genres
4993,"Lord of the Rings: The Fellowship of the Ring, The (2001)",Adventure|Fantasy
5952,"Lord of the Rings: The Two Towers, The (2002)",Adventure|Fantasy
7153,"Lord of the Rings: The Return of the King, The (2003)",Action|Adventure|Drama|Fantasy
3578,Gladiator (2000),Action|Adventure|Drama
4306,Shrek (2001),Adventure|Animation|Children|Comedy|Fantasy|Romance
58559,"Dark Knight, The (2008)",Action|Crime|Drama|IMAX
4226,Memento (2000),Mystery|Thriller
79132,Inception (2010),Action|Crime|Drama|Mystery|Sci-Fi|Thriller|IMAX
6539,Pirates of the Caribbean: The Curse of the Black Pearl (2003),Action|Adventure|Comedy|Fantasy
6377,Finding Nemo (2003),Adventure|Animation|Children|Comedy
4886,"Monsters, Inc. (2001)",Adventure|Animation|Children|Comedy|Fantasy
4973,"Amelie (Fabuleux destin d'Amélie Poulain, Le) (2001)",Comedy|Romance
6874,Kill Bill: Vol. 1 (2003),Action|Crime|Thriller
7361,Eternal Sunshine of the Spotless Mind (2004),Drama|Romance|Sci-Fi
3793,X-Men (2000),Action|Adventure|Sci-Fi
4963,Ocean's Eleven (2001),Crime|Thriller
4995,"Beautiful Mind, A (2001)",Drama|Romance
33794,Batman Begins (2005),Action|Crime|IMAX
8961,"Incredibles, The (2004)",Action|Adventure|Animation|Children|Comedy
5445,Minority Report (2002),Action|Crime|Mystery|Sci-Fi|Thriller
5349,Spider-Man (2002),Action|Adventure|Sci-Fi|Thriller
5418,"Bourne Identity, The (2002)",Action|Mystery|Thriller
7438,Kill Bill: Vol. 2 (2004),Action|Drama|Thriller
5989,Catch Me If You Can (2002),Crime|Drama
3996,"Crouching Tiger, Hidden Dragon (Wo hu cang long) (2000)",Action|Drama|Romance
60069,WALL·E (2008),Adventure|Animation|Children|Romance|Sci-Fi
4878,Donnie Darko (2001),Drama|Mystery|Sci-Fi|Thriller
4896,Harry Potter and the Sorcerer's Stone (a.k.a. Harry Potter and the Philosopher's Stone) (2001),Adventure|Children|Fantasy
44191,V for Vendetta (2006),Action|Sci-Fi|Thriller|IMAX
59315,Iron Man (2008),Action|Adventure|Sci-Fi
48516,"Departed, The (2006)",Crime|Drama|Thriller
68954,Up (2009),Adventure|Animation|Children|Drama
4011,Snatch (2000),Comedy|Crime|Thriller
4022,Cast Away (2000),Drama
72998,Avatar (2009),Action|Adventure|Sci-Fi|IMAX
4027,"O Brother, Where Art Thou? (2000)",Adventure|Comedy|Crime
68157,Inglourious Basterds (2009),Action|Drama|War
6365,"Matrix Reloaded, The (2003)",Action|Adventure|Sci-Fi|Thriller|IMAX
48780,"Prestige, The (2006)",Drama|Mystery|Sci-Fi|Thriller
5618,Spirited Away (Sen to Chihiro no kamikakushi) (2001),Adventure|Animation|Fantasy
109487,Interstellar (2014),Sci-Fi|IMAX
8368,Harry Potter and the Prisoner of Azkaban (2004),Adventure|Fantasy|IMAX
32587,Sin City (2005),Action|Crime|Film-Noir|Mystery|Thriller
3949,Requiem for a Dream (2000),Drama
5816,Harry Potter and the Chamber of Secrets (2002),Adventure|Fantasy
5378,Star Wars: Episode II - Attack of the Clones (2002),Action|Adventure|Sci-Fi|IMAX
8636,Spider-Man 2 (2004),Action|Adventure|Sci-Fi|IMAX
99114,Django Unchained (2012),Action|Drama|Western
54286,"Bourne Ultimatum, The (2007)",Action|Crime|Thriller
49272,Casino Royale (2006),Action|Adventure|Thriller
6711,Lost in Translation (2003),Comedy|Drama|Romance
8360,Shrek 2 (2004),Adventure|Animation|Children|Comedy|Musical|Romance
8665,"Bourne Supremacy, The (2004)",Action|Crime|Thriller
3948,Meet the Parents (2000),Comedy
6333,X2: X-Men United (2003),Action|Adventure|Sci-Fi|Thriller
91529,"Dark Knight Rises, The (2012)",Action|Adventure|Crime|IMAX
6016,City of God (Cidade de Deus) (2002),Action|Adventure|Crime|Drama|Thriller
3897,Almost Famous (2000),Drama
48394,"Pan's Labyrinth (Laberinto del fauno, El) (2006)",Drama|Fantasy|Thriller
8874,Shaun of the Dead (2004),Comedy|Horror
50872,Ratatouille (2007),Animation|Children|Drama
63082,Slumdog Millionaire (2008),Crime|Drama|Romance
46578,Little Miss Sunshine (2006),Adventure|Comedy|Drama
74458,Shutter Island (2010),Drama|Mystery|Thriller
40815,Harry Potter and the Goblet of Fire (2005),Adventure|Fantasy|Thriller|IMAX
51662,300 (2007),Action|Fantasy|War|IMAX
3751,Chicken Run (2000),Animation|Children|Comedy
33493,Star Wars: Episode III - Revenge of the Sith (2005),Action|Adventure|Sci-Fi
55820,No Country for Old Men (2007),Crime|Drama
3623,Mission: Impossible II (2000),Action|Adventure|Thriller
56367,Juno (2007),Comedy|Drama|Romance
5218,Ice Age (2002),Adventure|Animation|Children|Comedy
3408,Erin Brockovich (2000),Drama
6934,"Matrix Revolutions, The (2003)",Action|Adventure|Sci-Fi|Thriller|IMAX
70286,District 9 (2009),Mystery|Sci-Fi|Thriller
3977,Charlie's Angels (2000),Action|Comedy
89745,"Avengers, The (2012)",Action|Adventure|Sci-Fi|IMAX
7147,Big Fish (2003),Drama|Fantasy|Romance
8644,"I, Robot (2004)",Action|Adventure|Sci-Fi|Thriller
5995,"Pianist, The (2002)",Drama|War
4034,Traffic (2000),Crime|Drama|Thriller
3481,High Fidelity (2000),Comedy|Drama|Romance
3994,Unbreakable (2000),Drama|Sci-Fi
134130,The Martian (2015),Adventure|Drama|Sci-Fi
69122,"Hangover, The (2009)",Comedy|Crime
6502,28 Days Later (2002),Action|Horror|Sci-Fi
112852,Guardians of the Galaxy (2014),Action|Adventure|Sci-Fi
68358,Star Trek (2009),Action|Adventure|Sci-Fi|IMAX
45722,Pirates of the Caribbean: Dead Man's Chest (2006),Action|Adventure|Fantasy
4979,"Royal Tenenbaums, The (2001)",Comedy|Drama
7143,"Last Samurai, The (2003)",Action|Adventure|Drama|War
106782,"Wolf of Wall Street, The (2013)",Comedy|Crime|Drama
7254,The Butterfly Effect (2004),Drama|Sci-Fi|Thriller
116797,The Imitation Game (2014),Drama|Thriller|War
3753,"Patriot, The (2000)",Action|Drama|War
6373,Bruce Almighty (2003),Comedy|Drama|Fantasy|Romance
4246,Bridget Jones's Diary (2001),Comedy|Drama|Romance
48774,Children of Men (2006),Action|Adventure|Drama|Sci-Fi|Thriller
35836,"40-Year-Old Virgin, The (2005)",Comedy|Romance
81845,"King's Speech, The (2010)",Drama
73017,Sherlock Holmes (2009),Action|Crime|Mystery|Thriller
78499,Toy Story 3 (2010),Adventure|Animation|Children|Comedy|Fantasy|IMAX
5459,Men in Black II (a.k.a. MIIB) (a.k.a. MIB 2) (2002),Action|Comedy|Sci-Fi
51255,Hot Fuzz (2007),Action|Comedy|Crime|Mystery
54001,Harry Potter and the Order of the Phoenix (2007),Adventure|Drama|Fantasy|IMAX
30707,Million Dollar Baby (2004),Drama
4308,Moulin Rouge (2001),Drama|Musical|Romance
56174,I Am Legend (2007),Action|Horror|Sci-Fi|Thriller|IMAX
69844,Harry Potter and the Half-Blood Prince (2009),Adventure|Fantasy|Mystery|Romance|IMAX
6863,School of Rock (2003),Comedy|Musical
81834,Harry Potter and the Deathly Hallows: Part 1 (2010),Action|Adventure|Fantasy|IMAX
80463,"Social Network, The (2010)",Drama
4370,A.I. Artificial Intelligence (2001),Adventure|Drama|Sci-Fi
122904,Deadpool (2016),Action|Adventure|Comedy|Sci-Fi
76093,How to Train Your Dragon (2010),Adventure|Animation|Children|Fantasy|IMAX
5502,Signs (2002),Horror|Sci-Fi|Thriller
91500,The Hunger Games (2012),Action|Adventure|Drama|Sci-Fi|Thriller
48385,Borat: Cultural Learnings of America for Make Benefit Glorious Nation of Kazakhstan (2006),Comedy
71535,Zombieland (2009),Action|Comedy|Horror
5669,Bowling for Columbine (2002),Documentary
6942,Love Actually (2003),Comedy|Drama|Romance
134853,Inside Out (2015),Adventure|Animation|Children|Comedy|Drama|Fantasy
81591,Black Swan (2010),Drama|Thriller
122882,Mad Max: Fury Road (2015),Action|Adventure|Sci-Fi|Thriller
88125,Harry Potter and the Deathly Hallows: Part 2 (2011),Action|Adventure|Drama|Fantasy|Mystery|IMAX
5010,Black Hawk Down (2001),Action|Drama|War
64614,Gran Torino (2008),Crime|Drama
6378,"Italian Job, The (2003)",Action|Crime
4720,"Others, The (2001)",Drama|Horror|Mystery|Thriller
109374,"Grand Budapest Hotel, The (2014)",Comedy|Drama
54503,Superbad (2007),Comedy
33679,Mr. & Mrs. Smith (2005),Action|Adventure|Comedy|Romance
112556,Gone Girl (2014),Drama|Thriller
5299,My Big Fat Greek Wedding (2002),Comedy|Romance
92259,Intouchables (2011),Comedy|Drama
5679,"Ring, The (2002)",Horror|Mystery|Thriller
4014,Chocolat (2000),Drama|Romance
122886,Star Wars: Episode VII - The Force Awakens (2015),Action|Adventure|Fantasy|Sci-Fi|IMAX
3535,American Psycho (2000),Crime|Horror|Mystery|Thriller
115713,Ex Machina (2015),Drama|Sci-Fi|Thriller
41566,"Chronicles of Narnia: The Lion, the Witch and the Wardrobe, The (2005)",Adventure|Children|Fantasy
30793,Charlie and the Chocolate Factory (2005),Adventure|Children|Comedy|Fantasy|IMAX
4447,Legally Blonde (2001),Comedy|Romance
4848,Mulholland Drive (2001),Crime|Drama|Film-Noir|Mystery|Thriller
111759,Edge of Tomorrow (2014),Action|Sci-Fi|IMAX
4025,Miss Congeniality (2000),Comedy|Crime
104841,Gravity (2013),Action|Sci-Fi|IMAX
49530,Blood Diamond (2006),Action|Adventure|Crime|Drama|Thriller|War
27773,Old Boy (2003),Mystery|Thriller
60684,Watchmen (2009),Action|Drama|Mystery|Sci-Fi|Thriller|IMAX
34405,Serenity (2005),Action|Adventure|Sci-Fi
47610,"Illusionist, The (2006)",Drama|Fantasy|Mystery|Romance
77561,Iron Man 2 (2010),Action|Adventure|Sci-Fi|Thriller|IMAX
4018,What Women Want (2000),Comedy|Romance
6870,Mystic River (2003),Crime|Drama|Mystery
6537,Terminator 3: Rise of the Machines (2003),Action|Adventure|Sci-Fi
69757,(500) Days of Summer (2009),Comedy|Drama|Romance
3785,Scary Movie (2000),Comedy|Horror
30749,Hotel Rwanda (2004),Drama|War
3717,Gone in 60 Seconds (2000),Action|Crime
8784,Garden State (2004),Comedy|Drama|Romance
33166,Crash (2004),Crime|Drama
59369,Taken (2008),Action|Crime|Drama|Thriller
53125,Pirates of the Caribbean: At World's End (2007),Action|Adventure|Comedy|Fantasy
59784,Kung Fu Panda (2008),Action|Animation|Children|Comedy|IMAX
76251,Kick-Ass (2010),Action|Comedy
112552,Whiplash (2014),Drama
4776,Training Day (2001),Crime|Drama|Thriller
4310,Pearl Harbor (2001),Action|Drama|Romance|War
68237,Moon (2009),Drama|Mystery|Sci-Fi|Thriller
87232,X-Men: First Class (2011),Action|Adventure|Sci-Fi|Thriller|War
5481,Austin Powers in Goldmember (2002),Comedy
34162,Wedding Crashers (2005),Comedy|Romance
4816,Zoolander (2001),Comedy
5902,Adaptation (2002),Comedy|Drama|Romance
4975,Vanilla Sky (2001),Mystery|Romance|Sci-Fi|Thriller
8464,Super Size Me (2004),Comedy|Documentary|Drama
98809,"Hobbit: An Unexpected Journey, The (2012)",Adventure|Fantasy|IMAX
7293,50 First Dates (2004),Comedy|Romance
5377,About a Boy (2002),Comedy|Drama|Romance
8361,"Day After Tomorrow, The (2004)",Action|Adventure|Drama|Sci-Fi|Thriller
4270,"Mummy Returns, The (2001)",Action|Adventure|Comedy|Thriller
3755,"Perfect Storm, The (2000)",Drama|Thriller
8798,Collateral (2004),Action|Crime|Drama|Thriller
57669,In Bruges (2008),Comedy|Crime|Drama|Thriller
45499,X-Men: The Last Stand (2006),Action|Sci-Fi|Thriller
3911,Best in Show (2000),Comedy
64957,"Curious Case of Benjamin Button, The (2008)",Drama|Fantasy|Mystery|Romance
4718,American Pie 2 (2001),Comedy
5956,Gangs of New York (2002),Crime|Drama
7458,Troy (2004),Action|Adventure|Drama|War
34048,War of the Worlds (2005),Action|Adventure|Sci-Fi|Thriller
31658,Howl's Moving Castle (Hauru no ugoku shiro) (2004),Adventure|Animation|Fantasy|Romance
5903,Equilibrium (2002),Action|Sci-Fi|Thriller
106920,Her (2013),Drama|Romance|Sci-Fi
3275,"Boondock Saints, The (2000)",Action|Crime|Drama|Thriller
44195,Thank You for Smoking (2006),Comedy|Drama
115617,Big Hero 6 (2014),Action|Animation|Comedy
96079,Skyfall (2012),Action|Adventure|Thriller|IMAX
55247,Into the Wild (2007),Action|Adventure|Drama
84152,Limitless (2011),Sci-Fi|Thriller
8376,Napoleon Dynamite (2004),Comedy
5991,Chicago (2002),Comedy|Crime|Drama|Musical
3752,"Me, Myself & Irene (2000)",Adventure|Comedy
4643,Planet of the Apes (2001),Action|Adventure|Drama|Sci-Fi
164179,Arrival (2016),Sci-Fi
56782,There Will Be Blood (2007),Drama|Western
96610,Looper (2012),Action|Crime|Sci-Fi
8984,Ocean's Twelve (2004),Action|Comedy|Crime|Thriller
53996,Transformers (2007),Action|Sci-Fi|Thriller|IMAX
8529,"Terminal, The (2004)",Comedy|Drama|Romance
79091,Despicable Me (2010),Animation|Children|Comedy|Crime
4369,"Fast and the Furious, The (2001)",Action|Crime|Thriller
119145,Kingsman: The Secret Service (2015),Action|Adventure|Comedy|Crime
33004,"Hitchhiker's Guide to the Galaxy, The (2005)",Adventure|Comedy|Sci-Fi
45447,"Da Vinci Code, The (2006)",Drama|Mystery|Thriller
36529,Lord of War (2005),Action|Crime|Drama|Thriller|War
47099,"Pursuit of Happyness, The (2006)",Drama
5464,Road to Perdition (2002),Crime|Drama
86332,Thor (2011),Action|Adventure|Drama|Fantasy|IMAX
85414,Source Code (2011),Action|Drama|Mystery|Sci-Fi|Thriller
106487,The Hunger Games: Catching Fire (2013),Action|Adventure|Sci-Fi|IMAX
3916,Remember the Titans (2000),Drama
8641,Anchorman: The Legend of Ron Burgundy (2004),Comedy
79702,Scott Pilgrim vs. the World (2010),Action|Comedy|Fantasy|Musical|Romance
7373,Hellboy (2004),Action|Adventure|Fantasy|Horror
3300,Pitch Black (2000),Horror|Sci-Fi|Thriller
8957,Saw (2004),Horror|Mystery|Thriller
8622,Fahrenheit 9/11 (2004),Documentary
4367,Lara Croft: Tomb Raider (2001),Action|Adventure
7451,Mean Girls (2004),Comedy
44555,"Lives of Others, The (Das leben der Anderen) (2006)",Drama|Romance|Thriller
46976,Stranger than Fiction (2006),Comedy|Drama|Fantasy|Romance
54272,"Simpsons Movie, The (2007)",Animation|Comedy
4638,Jurassic Park III (2001),Action|Adventure|Sci-Fi|Thriller
97921,Silver Linings Playbook (2012),Comedy|Drama
30812,"Aviator, The (2004)",Drama
3624,Shanghai Noon (2000),Action|Adventure|Comedy|Western
4148,Hannibal (2001),Horror|Thriller
111362,X-Men: Days of Future Past (2014),Action|Adventure|Sci-Fi
8972,National Treasure (2004),Action|Adventure|Drama|Mystery|Thriller
40819,Walk the Line (2005),Drama|Musical|Romance
4239,Blow (2001),Crime|Drama
4223,Enemy at the Gates (2001),Drama|War
88129,Drive (2011),Crime|Drama|Film-Noir|Thriller
44665,Lucky Number Slevin (2006),Crime|Drama|Mystery
8950,The Machinist (2004),Drama|Mystery|Thriller
3967,Billy Elliot (2000),Drama
8949,Sideways (2004),Comedy|Drama|Romance
5266,Panic Room (2002),Thriller
6218,Bend It Like Beckham (2002),Comedy|Drama|Romance
91542,Sherlock Holmes: A Game of Shadows (2011),Action|Adventure|Comedy|Crime|Mystery|Thriller
88140,Captain America: The First Avenger (2011),Action|Adventure|Sci-Fi|Thriller|War
110102,Captain America: The Winter Soldier (2014),Action|Adventure|Sci-Fi|IMAX
152081,Zootopia (2016),Action|Adventure|Animation|Children|Comedy
8533,"Notebook, The (2004)",Drama|Romance
44199,Inside Man (2006),Crime|Drama|Thriller
45720,"Devil Wears Prada, The (2006)",Comedy|Drama
41569,King Kong (2005),Action|Adventure|Drama|Fantasy|Thriller
3863,"Cell, The (2000)",Drama|Horror|Thriller
91658,"Girl with the Dragon Tattoo, The (2011)",Drama|Thriller
97304,Argo (2012),Drama|Thriller
4874,K-PAX (2001),Drama|Fantasy|Mystery|Sci-Fi
52973,Knocked Up (2007),Comedy|Drama|Romance
31685,Hitch (2005),Comedy|Romance
102125,Iron Man 3 (2013),Action|Sci-Fi|Thriller|IMAX
3617,Road Trip (2000),Comedy
106489,"Hobbit: The Desolation of Smaug, The (2013)",Adventure|Fantasy|IMAX
7090,Hero (Ying xiong) (2002),Action|Adventure|Drama
4016,"Emperor's New Groove, The (2000)",Adventure|Animation|Children|Comedy|Fantasy
31696,Constantine (2005),Action|Fantasy|Horror|Thriller
69481,"Hurt Locker, The (2008)",Action|Drama|Thriller|War
8528,Dodgeball: A True Underdog Story (2004),Comedy
45517,Cars (2006),Animation|Children|Comedy
8970,Finding Neverland (2004),Drama
59615,Indiana Jones and the Kingdom of the Crystal Skull (2008),Action|Adventure|Comedy|Sci-Fi
52722,Spider-Man 3 (2007),Action|Adventure|Sci-Fi|Thriller|IMAX
97938,Life of Pi (2012),Adventure|Drama|IMAX
3510,Frequency (2000),Drama|Thriller
94959,Moonrise Kingdom (2012),Comedy|Drama|Romance
51540,Zodiac (2007),Crime|Drama|Thriller
39183,Brokeback Mountain (2005),Drama|Romance
6936,Elf (2003),Children|Comedy|Fantasy
30810,"Life Aquatic with Steve Zissou, The (2004)",Adventure|Comedy|Fantasy
6947,Master and Commander: The Far Side of the World (2003),Adventure|Drama|War
88744,Rise of the Planet of the Apes (2011),Action|Drama|Sci-Fi|Thriller
61323,Burn After Reading (2008),Comedy|Crime|Drama
4299,"Knight's Tale, A (2001)",Action|Comedy|Romance
4701,Rush Hour 2 (2001),Action|Comedy
122892,Avengers: Age of Ultron (2015),Action|Adventure|Sci-Fi
81847,Tangled (2010),Animation|Children|Comedy|Fantasy|Musical|Romance|IMAX
7445,Man on Fire (2004),Action|Crime|Drama|Mystery|Thriller
94864,Prometheus (2012),Action|Horror|Sci-Fi|IMAX
5388,Insomnia (2002),Action|Crime|Drama|Mystery|Thriller
82459,True Grit (2010),Western
37729,Corpse Bride (2005),Animation|Comedy|Fantasy|Musical|Romance
3826,Hollow Man (2000),Horror|Sci-Fi|Thriller
60074,Hancock (2008),Action|Adventure|Comedy|Crime|Fantasy
3988,How the Grinch Stole Christmas (a.k.a. The Grinch) (2000),Children|Comedy|Fantasy
3301,"Whole Nine Yards, The (2000)",Comedy|Crime
53322,Ocean's Thirteen (2007),Crime|Thriller
102445,Star Trek Into Darkness (2013),Action|Adventure|Sci-Fi|IMAX
5810,8 Mile (2002),Drama
72641,"Blind Side, The  (2009)",Drama
148626,"Big Short, The (2015)",Drama
55765,American Gangster (2007),Crime|Drama|Thriller
115569,Nightcrawler (2014),Crime|Drama|Thriller
4734,Jay and Silent Bob Strike Back (2001),Adventure|Comedy
112183,Birdman: Or (The Unexpected Virtue of Ignorance) (2014),Comedy|Drama
6281,Phone Booth (2002),Drama|Thriller
68319,X-Men Origins: Wolverine (2009),Action|Sci-Fi|Thriller
34319,"Island, The (2005)",Action|Sci-Fi|Thriller
61132,Tropic Thunder (2008),Action|Adventure|Comedy|War
106696,Frozen (2013),Adventure|Animation|Comedy|Fantasy|Musical|Romance
6188,Old School (2003),Comedy
38061,Kiss Kiss Bang Bang (2005),Comedy|Crime|Mystery|Thriller
4344,Swordfish (2001),Action|Crime|Drama
5630,Red Dragon (2002),Crime|Mystery|Thriller
30825,Meet the Fockers (2004),Comedy
139385,The Revenant (2015),Adventure|Drama
6953,21 Grams (2003),Crime|Drama|Mystery|Romance|Thriller
5219,Resident Evil (2002),Action|Horror|Sci-Fi|Thriller
63113,Quantum of Solace (2008),Action|Adventure|Thriller
3409,Final Destination (2000),Drama|Thriller
8783,"Village, The (2004)",Drama|Mystery|Thriller
4446,Final Fantasy: The Spirits Within (2001),Adventure|Animation|Fantasy|Sci-Fi
6534,Hulk (2003),Action|Adventure|Sci-Fi
5444,Lilo & Stitch (2002),Adventure|Animation|Children|Sci-Fi
5254,Blade II (2002),Action|Horror|Thriller
33615,Madagascar (2005),Adventure|Animation|Children|Comedy
166528,Rogue One: A Star Wars Story (2016),Action|Adventure|Fantasy|Sci-Fi
3555,U-571 (2000),Action|Thriller|War
74789,Alice in Wonderland (2010),Adventure|Fantasy|IMAX
4641,Ghost World (2001),Comedy|Drama
106100,Dallas Buyers Club (2013),Drama
5872,Die Another Day (2002),Action|Adventure|Thriller
97913,Wreck-It Ralph (2012),Animation|Comedy
102903,Now You See Me (2013),Crime|Mystery|Thriller
58998,Forgetting Sarah Marshall (2008),Comedy|Romance
168252,Logan (2017),Action|Sci-Fi
54259,Stardust (2007),Adventure|Comedy|Fantasy|Romance
6754,Underworld (2003),Action|Fantasy|Horror
6157,Daredevil (2003),Action|Crime
53972,Live Free or Die Hard (2007),Action|Adventure|Crime|Thriller
108932,The Lego Movie (2014),Action|Adventure|Animation|Children|Comedy|Fantasy
54997,3:10 to Yuma (2007),Action|Crime|Drama|Western
3285,"Beach, The (2000)",Adventure|Drama
34150,Fantastic Four (2005),Action|Adventure|Sci-Fi
122918,Guardians of the Galaxy 2 (2017),Action|Adventure|Sci-Fi
93510,21 Jump Street (2012),Action|Comedy|Crime
56757,Sweeney Todd: The Demon Barber of Fleet Street (2007),Drama|Horror|Musical|Thriller
86882,Midnight in Paris (2011),Comedy|Fantasy|Romance
89492,Moneyball (2011),Drama
3273,Scream 3 (2000),Comedy|Horror|Mystery|Thriller
64839,"Wrestler, The (2008)",Drama
115149,John Wick (2014),Action|Thriller
66097,Coraline (2009),Animation|Fantasy|Thriller
6541,"League of Extraordinary Gentlemen, The (a.k.a. LXG) (2003)",Action|Fantasy|Sci-Fi
122922,Doctor Strange (2016),Action|Adventure|Sci-Fi
8917,Team America: World Police (2004),Action|Adventure|Animation|Comedy
5673,Punch-Drunk Love (2002),Comedy|Drama|Romance
3969,Pay It Forward (2000),Drama
116823,The Hunger Games: Mockingjay - Part 1 (2014),Adventure|Sci-Fi|Thriller
81562,127 Hours (2010),Adventure|Drama|Thriller
122900,Ant-Man (2015),Action|Adventure|Sci-Fi
3354,Mission to Mars (2000),Sci-Fi
57368,Cloverfield (2008),Action|Mystery|Sci-Fi|Thriller
3798,What Lies Beneath (2000),Drama|Horror|Mystery
93840,"Cabin in the Woods, The (2012)",Comedy|Horror|Sci-Fi|Thriller
4235,Amores Perros (Love's a Bitch) (2000),Drama|Thriller
72011,Up in the Air (2009),Drama|Romance
5064,The Count of Monte Cristo (2002),Action|Adventure|Drama|Thriller
91630,Mission: Impossible - Ghost Protocol (2011),Action|Adventure|Thriller|IMAX
3317,Wonder Boys (2000),Comedy|Drama
122920,Captain America: Civil War (2016),Action|Sci-Fi|Thriller
95167,Brave (2012),Action|Adventure|Animation|Children
96821,"Perks of Being a Wallflower, The (2012)",Drama|Romance
4019,Finding Forrester (2000),Drama
5013,Gosford Park (2001),Comedy|Drama|Mystery
6323,Identity (2003),Crime|Horror|Mystery|Thriller
95510,"Amazing Spider-Man, The (2012)",Action|Adventure|Sci-Fi|IMAX
4015,"Dude, Where's My Car? (2000)",Comedy|Sci-Fi
4901,Spy Game (2001),Action|Crime|Drama|Thriller
128360,The Hateful Eight (2015),Western
103249,World War Z (2013),Action|Drama|Horror|IMAX
63992,Twilight (2008),Drama|Fantasy|Romance|Thriller
72226,Fantastic Mr. Fox (2009),Adventure|Animation|Children|Comedy|Crime
4890,Shallow Hal (2001),Comedy|Fantasy|Romance
46972,Night at the Museum (2006),Action|Comedy|Fantasy|IMAX
40629,Pride & Prejudice (2005),Drama|Romance
122912,Avengers: Infinity War - Part I (2018),Action|Adventure|Sci-Fi
7022,Battle Royale (Batoru rowaiaru) (2000),Action|Drama|Horror|Thriller
41997,Munich (2005),Action|Crime|Drama|Thriller
5945,About Schmidt (2002),Comedy|Drama
80549,Easy A (2010),Comedy|Romance
6287,Anger Management (2003),Comedy
5507,xXx (2002),Action|Crime|Thriller
46723,Babel (2006),Drama|Thriller
6155,How to Lose a Guy in 10 Days (2003),Comedy|Romance
53000,28 Weeks Later (2007),Horror|Sci-Fi|Thriller
88810,"Help, The (2011)",Drama
5574,"Transporter, The (2002)",Action|Crime
45186,Mission: Impossible III (2006),Action|Adventure|Thriller
64969,Yes Man (2008),Comedy
7454,Van Helsing (2004),Action|Adventure|Fantasy|Horror
117529,Jurassic World (2015),Action|Adventure|Drama|Sci-Fi|Thriller
8371,"Chronicles of Riddick, The (2004)",Action|Sci-Fi|Thriller
6708,Matchstick Men (2003),Comedy|Crime|Drama
72378,2012 (2009),Action|Drama|Sci-Fi|Thriller
38038,Wallace & Gromit in The Curse of the Were-Rabbit (2005),Adventure|Animation|Children|Comedy
97752,Cloud Atlas (2012),Drama|Sci-Fi|IMAX
48738,"Last King of Scotland, The (2006)",Drama|Thriller
61024,Pineapple Express (2008),Action|Comedy|Crime
122916,Thor: Ragnarok (2017),Action|Adventure|Sci-Fi
4343,Evolution (2001),Comedy|Sci-Fi
3745,Titan A.E. (2000),Action|Adventure|Animation|Children|Sci-Fi
7323,"Good bye, Lenin! (2003)",Comedy|Drama
33660,Cinderella Man (2005),Drama|Romance
31410,"Downfall (Untergang, Der) (2004)",Drama|War
73321,"Book of Eli, The (2010)",Action|Adventure|Drama
7360,Dawn of the Dead (2004),Action|Drama|Horror|Thriller
67255,"Girl with the Dragon Tattoo, The (Män som hatar kvinnor) (2009)",Crime|Drama|Mystery|Thriller
60040,"Incredible Hulk, The (2008)",Action|Sci-Fi
88163,"Crazy, Stupid, Love. (2011)",Comedy|Drama|Romance
118696,The Hobbit: The Battle of the Five Armies (2014),Adventure|Fantasy
5225,And Your Mother Too (Y tu mamá también) (2001),Drama|Romance
3882,Bring It On (2000),Comedy
95441,Ted (2012),Comedy|Fantasy
6503,Charlie's Angels: Full Throttle (2003),Action|Adventure|Comedy|Crime|Thriller
86880,Pirates of the Caribbean: On Stranger Tides (2011),Action|Adventure|Fantasy|IMAX
3827,Space Cowboys (2000),Action|Adventure|Comedy|Sci-Fi
142488,Spotlight (2015),Thriller
105844,12 Years a Slave (2013),Drama
27706,Lemony Snicket's A Series of Unfortunate Events (2004),Adventure|Children|Comedy|Fantasy
61240,Let the Right One In (Låt den rätte komma in) (2008),Drama|Fantasy|Horror|Romance
8807,Harold and Kumar Go to White Castle (2004),Adventure|Comedy
3986,"6th Day, The (2000)",Action|Sci-Fi|Thriller
81564,Megamind (2010),Action|Animation|Children|Comedy|Sci-Fi|IMAX
101864,Oblivion (2013),Action|Adventure|Sci-Fi|IMAX
52281,Grindhouse (2007),Action|Crime|Horror|Sci-Fi|Thriller
45672,Click (2006),Adventure|Comedy|Drama|Fantasy|Romance
5528,One Hour Photo (2002),Drama|Thriller
5954,25th Hour (2002),Crime|Drama
106072,Thor: The Dark World (2013),Action|Adventure|Fantasy|IMAX
94777,Men in Black III (M.III.B.) (M.I.B.³) (2012),Action|Comedy|Sci-Fi|IMAX
104879,Prisoners (2013),Drama|Mystery|Thriller
4232,Spy Kids (2001),Action|Adventure|Children|Comedy
90405,In Time (2011),Crime|Sci-Fi|Thriller
60072,Wanted (2008),Action|Thriller
7444,13 Going on 30 (2004),Comedy|Fantasy|Romance
103228,Pacific Rim (2013),Action|Adventure|Sci-Fi|IMAX
82461,Tron: Legacy (2010),Action|Adventure|Sci-Fi|IMAX
49278,Déjà Vu (Deja Vu) (2006),Action|Sci-Fi|Thriller
6383,"2 Fast 2 Furious (Fast and the Furious 2, The) (2003)",Action|Crime|Thriller
81229,Red (2010),Action|Comedy
3825,Coyote Ugly (2000),Comedy|Drama|Romance
6565,Seabiscuit (2003),Drama
55269,"Darjeeling Limited, The (2007)",Adventure|Comedy|Drama
176371,Blade Runner 2049 (2017),Sci-Fi
5015,Monster's Ball (2001),Drama|Romance
37733,"History of Violence, A (2005)",Action|Crime|Drama|Thriller
4023,"Family Man, The (2000)",Comedy|Drama|Romance
103253,Elysium (2013),Action|Drama|Sci-Fi|IMAX
4865,From Hell (2001),Crime|Horror|Mystery|Thriller
117176,The Theory of Everything (2014),Drama|Romance
4069,"Wedding Planner, The (2001)",Comedy|Romance
8958,Ray (2004),Drama
168250,Get Out (2017),Horror
31878,Kung Fu Hustle (Gong fu) (2004),Action|Comedy
4700,"Princess Diaries, The (2001)",Children|Comedy|Romance
112175,How to Train Your Dragon 2 (2014),Action|Adventure|Animation
103042,Man of Steel (2013),Action|Adventure|Fantasy|Sci-Fi|IMAX
5617,Secretary (2002),Comedy|Drama|Romance
8810,AVP: Alien vs. Predator (2004),Action|Horror|Sci-Fi|Thriller
46530,Superman Returns (2006),Action|Adventure|Sci-Fi|IMAX
6957,Bad Santa (2003),Comedy|Crime
112623,Dawn of the Planet of the Apes (2014),Sci-Fi
111360,Lucy (2014),Action|Sci-Fi
58803,21 (2008),Crime|Drama|Romance|Thriller
87869,Horrible Bosses (2011),Comedy|Crime
89864,50/50 (2011),Comedy|Drama
44022,Ice Age 2: The Meltdown (2006),Adventure|Animation|Children|Comedy
8638,Before Sunset (2004),Drama|Romance
84954,"Adjustment Bureau, The (2011)",Romance|Sci-Fi|Thriller
4388,Scary Movie 2 (2001),Comedy
104374,About Time (2013),Drama|Fantasy|Romance
114180,"Maze Runner, The (2014)",Action|Mystery|Sci-Fi
8983,House of Flying Daggers (Shi mian mai fu) (2004),Action|Drama|Romance
3968,Bedazzled (2000),Comedy
105504,Captain Phillips (2013),Adventure|Drama|Thriller|IMAX
57640,Hellboy II: The Golden Army (2008),Action|Adventure|Fantasy|Sci-Fi
55118,Eastern Promises (2007),Crime|Drama|Thriller
3534,28 Days (2000),Drama
80489,"Town, The (2010)",Crime|Drama|Thriller
51935,Shooter (2007),Action|Drama|Thriller
107406,Snowpiercer (2013),Action|Drama|Sci-Fi
41285,Match Point (2005),Crime|Drama|Romance
52328,Sunshine (2007),Adventure|Drama|Sci-Fi|Thriller
102407,"Great Gatsby, The (2013)",Drama
87306,Super 8 (2011),Mystery|Sci-Fi|Thriller|IMAX
81932,"Fighter, The (2010)",Drama
8981,Closer (2004),Drama|Romance
8873,"Motorcycle Diaries, The (Diarios de motocicleta) (2004)",Adventure|Drama
53121,Shrek the Third (2007),Adventure|Animation|Children|Comedy|Fantasy
4161,"Mexican, The (2001)",Action|Comedy
7325,Starsky & Hutch (2004),Action|Comedy|Crime|Thriller
56775,National Treasure: Book of Secrets (2007),Action|Adventure
3298,Boiler Room (2000),Crime|Drama|Thriller
4448,"Score, The (2001)",Action|Drama
48043,"Fountain, The (2006)",Drama|Fantasy|Romance
5620,Sweet Home Alabama (2002),Comedy|Romance
53519,Death Proof (2007),Action|Adventure|Crime|Horror|Thriller
69406,"Proposal, The (2009)",Comedy|Romance
55290,Gone Baby Gone (2007),Crime|Drama|Mystery
27904,"Scanner Darkly, A (2006)",Animation|Drama|Mystery|Sci-Fi|Thriller
6564,Lara Croft Tomb Raider: The Cradle of Life (2003),Action|Adventure|Comedy|Romance|Thriller
6548,Bad Boys II (2003),Action|Comedy|Crime|Thriller
103335,Despicable Me 2 (2013),Animation|Children|Comedy|IMAX
5992,"Hours, The (2002)",Drama|Romance
135143,Fantastic Beasts and Where to Find Them (2016),Fantasy
4881,"Man Who Wasn't There, The (2001)",Crime|Drama
4823,Serendipity (2001),Comedy|Romance
8914,Primer (2004),Drama|Sci-Fi
68791,Terminator Salvation (2009),Action|Adventure|Sci-Fi|Thriller
3893,Nurse Betty (2000),Comedy|Crime|Drama|Romance|Thriller
6593,Freaky Friday (2003),Children|Comedy|Fantasy
139644,Sicario (2015),Crime|Drama|Mystery
48304,Apocalypto (2006),Adventure|Drama|Thriller
5449,Mr. Deeds (2002),Comedy|Romance
103141,Monsters University (2013),Adventure|Animation|Comedy
7318,"Passion of the Christ, The (2004)",Drama
66934,Dr. Horrible's Sing-Along Blog (2008),Comedy|Drama|Musical|Sci-Fi
7160,Monster (2003),Crime|Drama
58025,Jumper (2008),Action|Adventure|Drama|Sci-Fi|Thriller
3910,Dancer in the Dark (2000),Drama|Musical
36517,"Constant Gardener, The (2005)",Drama|Thriller
3593,Battlefield Earth (2000),Action|Sci-Fi
69526,Transformers: Revenge of the Fallen (2009),Action|Adventure|Sci-Fi|IMAX
106916,American Hustle (2013),Crime|Drama
187593,Deadpool 2 (2018),Action|Comedy|Sci-Fi
114662,American Sniper (2014),Action|War
90866,Hugo (2011),Children|Drama|Mystery
5171,"Time Machine, The (2002)",Action|Adventure|Sci-Fi
115210,Fury (2014),Action|Drama|War
3452,Romeo Must Die (2000),Action|Crime|Romance|Thriller
37741,Capote (2005),Crime|Drama
86833,Bridesmaids (2011),Comedy
79293,Salt (2010),Action|Thriller
5785,Jackass: The Movie (2002),Action|Comedy|Documentary
3744,Shaft (2000),Action|Crime|Thriller
39292,"Good Night, and Good Luck. (2005)",Crime|Drama
86911,"Hangover Part II, The (2011)",Comedy
64716,Seven Pounds (2008),Drama
4728,Rat Race (2001),Comedy
171763,Baby Driver (2017),Action|Crime|Thriller
39446,Saw II (2005),Horror|Thriller
60756,Step Brothers (2008),Comedy
143355,Wonder Woman (2017),Action|Adventure|Fantasy
68554,Angels & Demons (2009),Crime|Drama|Mystery|Thriller
56587,"Bucket List, The (2007)",Comedy|Drama
27660,"Animatrix, The (2003)",Action|Animation|Drama|Sci-Fi
46970,Talladega Nights: The Ballad of Ricky Bobby (2006),Action|Comedy
8910,I Heart Huckabees (2004),Comedy
174055,Dunkirk (2017),Action|Drama|Thriller|War
135133,The Hunger Games: Mockingjay - Part 2 (2015),Adventure|Sci-Fi
3979,Little Nicky (2000),Comedy
111781,Mission: Impossible - Rogue Nation (2015),Action|Adventure|Thriller
5400,"Sum of All Fears, The (2002)",Drama|Thriller
5014,I Am Sam (2001),Drama
122926,Untitled Spider-Man Reboot (2017),Action|Adventure|Fantasy
5110,Super Troopers (2001),Comedy|Crime|Mystery
53953,1408 (2007),Drama|Horror|Thriller
3536,Keeping the Faith (2000),Comedy|Drama|Romance
166461,Moana (2016),Adventure|Animation|Children|Comedy|Fantasy
47997,Idiocracy (2006),Adventure|Comedy|Sci-Fi|Thriller
33162,Kingdom of Heaven (2005),Action|Drama|Romance|War
27831,Layer Cake (2004),Crime|Drama|Thriller
5944,Star Trek: Nemesis (2002),Action|Drama|Sci-Fi|Thriller
55276,Michael Clayton (2007),Drama|Thriller
108190,Divergent (2014),Adventure|Romance|Sci-Fi|IMAX
7162,Cold Mountain (2003),Drama|Romance|War
4639,America's Sweethearts (2001),Comedy|Romance
54995,Planet Terror (2007),Action|Horror|Sci-Fi
5152,We Were Soldiers (2002),Action|Drama|War
40278,Jarhead (2005),Action|Drama|War
63876,Milk (2008),Drama
6709,Once Upon a Time in Mexico (2003),Action|Adventure|Crime|Thriller
7371,Dogville (2003),Drama|Mystery|Thriller
67087,"I Love You, Man (2009)",Comedy
49286,"Holiday, The (2006)",Comedy|Romance
6620,American Splendor (2003),Comedy|Drama
7347,Secret Window (2004),Mystery|Thriller
56152,Enchanted (2007),Adventure|Animation|Children|Comedy|Fantasy|Musical|Romance
96588,Pitch Perfect (2012),Comedy|Musical
3980,Men of Honor (2000),Drama
114935,Predestination (2014),Action|Mystery|Sci-Fi|Thriller
140174,Room (2015),Drama
112290,Boyhood (2014),Drama
34437,Broken Flowers (2005),Comedy|Drama
4366,Atlantis: The Lost Empire (2001),Adventure|Animation|Children|Fantasy
